[{"id": "a913b0f5-2f82-4621-816d-82040970926b", "conversation_id": "aacac2dc-105c-4cc9-a3ad-378eb299d563", "user_id": "user-MX6mBTk2lghT688CcuZg1JvD", "rating": "thumbs_up", "create_time": "2023-05-31T02:24:40.189433Z", "workspace_id": null, "content": "{}", "evaluation_name": null, "evaluation_treatment": null, "update_time": "2024-12-07T21:50:44.460782Z"}, {"id": "007c6294-bed0-40c4-af3a-7ead77797891", "conversation_id": "aacac2dc-105c-4cc9-a3ad-378eb299d563", "user_id": "user-MX6mBTk2lghT688CcuZg1JvD", "rating": "thumbs_up", "create_time": "2023-05-31T02:46:01.840785Z", "workspace_id": null, "content": "{}", "evaluation_name": null, "evaluation_treatment": null, "update_time": "2024-12-07T21:50:44.461967Z"}, {"id": "5cb2d944-8aa9-48b8-a5ad-b2e7f25b6457", "conversation_id": "671b0e91-b020-800e-ae0c-8bd74a1414cf", "user_id": "user-MX6mBTk2lghT688CcuZg1JvD", "rating": "thumbs_up", "create_time": "2024-10-26T11:27:27.394584Z", "workspace_id": null, "content": "{}", "evaluation_name": "gpt4o_bb_lupo_flashy_free", "evaluation_treatment": "da", "update_time": "2024-12-07T21:54:16.817385Z"}, {"id": "78b708e7-d147-40dc-895a-358839d8b23f", "conversation_id": "673561f3-913c-800e-89ba-5f7cacab453c", "user_id": "user-MX6mBTk2lghT688CcuZg1JvD", "rating": "thumbs_down", "create_time": "2024-11-14T02:36:26.173608Z", "workspace_id": null, "content": "{\"tags\": [\"Not factually correct\"], \"tag_choices\": [\"Shouldn't have used Memory\", \"Don't like the style\", \"Not factually correct\", \"Didn't fully follow instructions\", \"Refused when it shouldn't have\", \"Being lazy\", \"Unsafe or problematic\", \"Other\"]}", "evaluation_name": null, "evaluation_treatment": null, "update_time": "2024-12-07T21:54:45.534630Z"}, {"id": "6814176f-4e35-4d53-a732-b71fd329a769", "conversation_id": "673561f3-913c-800e-89ba-5f7cacab453c", "user_id": "user-MX6mBTk2lghT688CcuZg1JvD", "rating": "thumbs_down", "create_time": "2024-11-14T02:37:30.121430Z", "workspace_id": null, "content": "{\"tags\": [\"Being lazy\"], \"tag_choices\": [\"Shouldn't have used Memory\", \"Don't like the style\", \"Not factually correct\", \"Didn't fully follow instructions\", \"Refused when it shouldn't have\", \"Being lazy\", \"Unsafe or problematic\", \"Other\"]}", "evaluation_name": null, "evaluation_treatment": null, "update_time": "2024-12-07T21:54:45.621822Z"}, {"id": "60b89d40-028f-4af4-abea-ab412f4dbac2", "conversation_id": "673561f3-913c-800e-89ba-5f7cacab453c", "user_id": "user-MX6mBTk2lghT688CcuZg1JvD", "rating": "thumbs_down", "create_time": "2024-11-14T02:38:12.483585Z", "workspace_id": null, "content": "{\"tags\": [\"Not factually correct\"], \"tag_choices\": [\"Shouldn't have used Memory\", \"Don't like the style\", \"Not factually correct\", \"Didn't fully follow instructions\", \"Refused when it shouldn't have\", \"Being lazy\", \"Unsafe or problematic\", \"Other\"]}", "evaluation_name": null, "evaluation_treatment": null, "update_time": "2024-12-07T21:54:45.622984Z"}, {"id": "241ce6af-b16f-407f-a847-778a421a0295", "conversation_id": "68220779-a8cc-800e-a93d-f3e6b1735004", "user_id": "user-MX6mBTk2lghT688CcuZg1JvD", "rating": "thumbs_down", "create_time": "2025-05-12T15:04:06.883080Z", "workspace_id": null, "content": "{\"text\": \"Left column is wrong\", \"tag_choices\": [\"shouldnt_have_created\", \"dont_like_style\", \"didnt_fully_follow_instructions\", \"low_quality_or_distorted\", \"odd_cropping\", \"inaccurate_editing\", \"inaccurate_text_rendering\", \"unsafe_or_problematic\", \"biased\", \"other\"]}", "evaluation_name": null, "evaluation_treatment": null, "update_time": "2025-05-12T15:04:20.252422Z"}, {"id": "def05077-47e0-4538-a396-180dba2e382a", "conversation_id": "68220779-a8cc-800e-a93d-f3e6b1735004", "user_id": "user-MX6mBTk2lghT688CcuZg1JvD", "rating": "thumbs_up", "create_time": "2025-05-12T15:04:47.975814Z", "workspace_id": null, "content": "{}", "evaluation_name": null, "evaluation_treatment": null, "update_time": "2025-05-12T15:04:47.993397Z"}, {"id": "7e722fc6-34bd-4ef6-ba64-9fdd34f2274a", "conversation_id": "68220779-a8cc-800e-a93d-f3e6b1735004", "user_id": "user-MX6mBTk2lghT688CcuZg1JvD", "rating": "thumbs_down", "create_time": "2025-05-12T15:19:59.267633Z", "workspace_id": null, "content": "{\"text\": \"Failed to produce matching display to the original. The additions of \\\"Owl\\\" and \\\"Laughs\\\" are in smaller fonts and locations than the \\\"My\\\" and \\\"Funny\\\" sections\", \"tags\": [\"Other\"], \"tag_choices\": [\"Shouldn't have run code\", \"Couldn't handle my file\", \"Shouldn't have used Memory\", \"Don\\u2019t like the personality\", \"Don't like the style\", \"Not factually correct\", \"Didn't fully follow instructions\", \"Refused when it shouldn't have\", \"Being lazy\", \"Unsafe or problematic\", \"Biased\", \"Other\"]}", "evaluation_name": null, "evaluation_treatment": null, "update_time": "2025-05-12T15:20:50.381916Z"}, {"id": "26735376-0f5a-408b-badc-7642a7a65d47", "conversation_id": "68220779-a8cc-800e-a93d-f3e6b1735004", "user_id": "user-MX6mBTk2lghT688CcuZg1JvD", "rating": "thumbs_up", "create_time": "2025-05-12T15:41:37.021914Z", "workspace_id": null, "content": "{}", "evaluation_name": null, "evaluation_treatment": null, "update_time": "2025-05-12T15:41:37.216004Z"}, {"id": "05f8c637-e93a-4729-bff3-5b8f030cfee0", "conversation_id": "682bc80c-89c0-800e-9380-f63669350484", "user_id": "user-MX6mBTk2lghT688CcuZg1JvD", "rating": "thumbs_up", "create_time": "2025-05-20T00:14:18.648860Z", "workspace_id": null, "content": "{}", "evaluation_name": null, "evaluation_treatment": null, "update_time": "2025-05-20T00:14:18.689389Z"}, {"id": "88f48f60-9480-4460-bd82-818ad452637e", "conversation_id": "683be9c5-91b8-800e-904d-9777f63f86b9", "user_id": "user-MX6mBTk2lghT688CcuZg1JvD", "rating": "thumbs_up", "create_time": "2025-06-02T21:13:24.947601Z", "workspace_id": null, "content": "{}", "evaluation_name": null, "evaluation_treatment": null, "update_time": "2025-06-02T21:13:24.997716Z"}, {"id": "34533380-fa48-44ca-aec4-96471ee128b2", "conversation_id": "683be9c5-91b8-800e-904d-9777f63f86b9", "user_id": "user-MX6mBTk2lghT688CcuZg1JvD", "rating": "thumbs_up", "create_time": "2025-06-02T21:13:29.230812Z", "workspace_id": null, "content": "{}", "evaluation_name": null, "evaluation_treatment": null, "update_time": "2025-06-02T21:13:29.274860Z"}, {"id": "afd866a0-3e44-4d77-ad91-8b4e386c5c18", "conversation_id": "6845f70c-4ddc-800e-9ae0-15ec8133d732", "user_id": "user-MX6mBTk2lghT688CcuZg1JvD", "rating": "thumbs_up", "create_time": "2025-06-08T23:01:32.207663Z", "workspace_id": null, "content": "{}", "evaluation_name": null, "evaluation_treatment": null, "update_time": "2025-06-08T23:01:32.227709Z"}, {"id": "52a30320-fb9f-4d77-b716-4414769acba2", "conversation_id": "6848fca5-c1bc-800e-be16-0057b2f6ebc2", "user_id": "user-MX6mBTk2lghT688CcuZg1JvD", "rating": "thumbs_up", "create_time": "2025-06-11T03:50:27.570308Z", "workspace_id": null, "content": "{}", "evaluation_name": null, "evaluation_treatment": null, "update_time": "2025-06-11T03:50:27.648472Z"}, {"id": "7d609809-e31f-4d08-999d-f9d4fa724d29", "conversation_id": "6848fca5-c1bc-800e-be16-0057b2f6ebc2", "user_id": "user-MX6mBTk2lghT688CcuZg1JvD", "rating": "thumbs_up", "create_time": "2025-06-11T04:05:09.472656Z", "workspace_id": null, "content": "{}", "evaluation_name": null, "evaluation_treatment": null, "update_time": "2025-06-11T04:05:09.561282Z"}, {"id": "b3a07d87-61d4-407f-a63a-0cd72ef2af0a", "conversation_id": "6848fca5-c1bc-800e-be16-0057b2f6ebc2", "user_id": "user-MX6mBTk2lghT688CcuZg1JvD", "rating": "thumbs_up", "create_time": "2025-06-11T04:12:28.952393Z", "workspace_id": null, "content": "{}", "evaluation_name": null, "evaluation_treatment": null, "update_time": "2025-06-11T04:12:29.027787Z"}, {"id": "d6a4e2dc-b579-4a67-9a4d-e8dd9196f2fe", "conversation_id": "684b0bf2-af88-800e-863d-f6689d4687ef", "user_id": "user-MX6mBTk2lghT688CcuZg1JvD", "rating": "thumbs_up", "create_time": "2025-06-12T18:36:38.579792Z", "workspace_id": null, "content": "{}", "evaluation_name": null, "evaluation_treatment": null, "update_time": "2025-06-12T18:36:38.666026Z"}, {"id": "d8d38c82-7175-454e-b196-232e9dd04740", "conversation_id": "684ce489-3a60-800e-b479-b8901efae183", "user_id": "user-MX6mBTk2lghT688CcuZg1JvD", "rating": "thumbs_up", "create_time": "2025-06-14T04:28:36.246665Z", "workspace_id": null, "content": "{}", "evaluation_name": null, "evaluation_treatment": null, "update_time": "2025-06-14T04:28:36.316043Z"}, {"id": "69f13eb8-f7b7-485f-9f09-834b296522c4", "conversation_id": "683e4349-45f8-800e-a797-636da7f67477", "user_id": "user-MX6mBTk2lghT688CcuZg1JvD", "rating": "thumbs_up", "create_time": "2025-06-18T13:04:28.906455Z", "workspace_id": null, "content": "{}", "evaluation_name": "4o_business_low_syco_paid", "evaluation_treatment": "ca", "update_time": "2025-06-18T13:04:28.962313Z"}, {"id": "d5d66433-0a16-41e9-bb2a-46bcc0f873f1", "conversation_id": "683e4349-45f8-800e-a797-636da7f67477", "user_id": "user-MX6mBTk2lghT688CcuZg1JvD", "rating": "thumbs_down", "create_time": "2025-06-18T16:30:10.218032Z", "workspace_id": null, "content": "{\"tags\": [\"Not factually correct\"], \"tag_choices\": [\"Shouldn't have used Memory\", \"Don\\u2019t like the personality\", \"Don't like the style\", \"Not factually correct\", \"Didn't fully follow instructions\", \"Refused when it shouldn't have\", \"Being lazy\", \"Unsafe or problematic\", \"Biased\", \"Other\"]}", "evaluation_name": "4o_business_low_syco_paid", "evaluation_treatment": "ca", "update_time": "2025-06-18T16:30:28.752629Z"}, {"id": "5c7d91d0-b0ea-411d-b864-c97252dcdb28", "conversation_id": "683e4349-45f8-800e-a797-636da7f67477", "user_id": "user-MX6mBTk2lghT688CcuZg1JvD", "rating": "thumbs_down", "create_time": "2025-06-18T16:55:26.308625Z", "workspace_id": null, "content": "{\"tags\": [\"Didn't fully follow instructions\"], \"tag_choices\": [\"Shouldn't have used Memory\", \"Don\\u2019t like the personality\", \"Don't like the style\", \"Not factually correct\", \"Didn't fully follow instructions\", \"Refused when it shouldn't have\", \"Being lazy\", \"Unsafe or problematic\", \"Biased\", \"Other\"]}", "evaluation_name": "4o_business_low_syco_paid", "evaluation_treatment": "ca", "update_time": "2025-06-18T16:55:33.300542Z"}, {"id": "42cbee56-4f80-4b7e-bb46-20aada1c6977", "conversation_id": "6853932c-b5d0-800e-8cfd-511b6f0de416", "user_id": "user-MX6mBTk2lghT688CcuZg1JvD", "rating": "thumbs_up", "create_time": "2025-06-19T04:42:59.336381Z", "workspace_id": null, "content": "{}", "evaluation_name": "4o_business_low_syco_paid", "evaluation_treatment": "ca", "update_time": "2025-06-19T04:42:59.389493Z"}, {"id": "5c53f8be-8654-4f14-88b3-a4045ae59124", "conversation_id": "6854d28d-73ec-800e-983c-d1539d8de12f", "user_id": "user-MX6mBTk2lghT688CcuZg1JvD", "rating": "thumbs_up", "create_time": "2025-06-20T03:43:36.772591Z", "workspace_id": null, "content": "{}", "evaluation_name": null, "evaluation_treatment": null, "update_time": "2025-06-20T03:43:36.843426Z"}, {"id": "8c4aabbf-4718-4268-8a1f-32048367ddd1", "conversation_id": "68556499-cfa8-800e-b9a1-a31531fc46c7", "user_id": "user-MX6mBTk2lghT688CcuZg1JvD", "rating": "thumbs_up", "create_time": "2025-06-20T13:59:08.301287Z", "workspace_id": null, "content": "{}", "evaluation_name": null, "evaluation_treatment": null, "update_time": "2025-06-20T13:59:08.329104Z"}, {"id": "da4e60cd-e25c-4387-8f4f-39f0184d4f8c", "conversation_id": "6856015f-0b6c-800e-8776-34787e2fd928", "user_id": "user-MX6mBTk2lghT688CcuZg1JvD", "rating": "thumbs_down", "create_time": "2025-06-21T02:21:58.101914Z", "workspace_id": null, "content": "{\"text\": \"Your Open Sidebar functionality is INCREDIBLY frustrating and slows me down. This is a UI problem.\", \"tag_choices\": [\"Shouldn't have used Memory\", \"Don\\u2019t like the personality\", \"Don't like the style\", \"Not factually correct\", \"Didn't fully follow instructions\", \"Refused when it shouldn't have\", \"Being lazy\", \"Unsafe or problematic\", \"Biased\", \"Other\"]}", "evaluation_name": null, "evaluation_treatment": null, "update_time": "2025-06-21T02:22:56.430854Z"}, {"id": "e92aba93-7307-4d8c-bb15-0b6e79d6d3d0", "conversation_id": "6856b595-a498-800e-9229-6ef450bdaae8", "user_id": "user-MX6mBTk2lghT688CcuZg1JvD", "rating": "thumbs_up", "create_time": "2025-06-21T18:50:14.659143Z", "workspace_id": null, "content": "{}", "evaluation_name": null, "evaluation_treatment": null, "update_time": "2025-06-21T18:50:14.707413Z"}, {"id": "61f2fb52-04c0-48f5-a3ab-42336639db82", "conversation_id": "6856b595-a498-800e-9229-6ef450bdaae8", "user_id": "user-MX6mBTk2lghT688CcuZg1JvD", "rating": "thumbs_up", "create_time": "2025-06-21T19:59:38.692115Z", "workspace_id": null, "content": "{}", "evaluation_name": null, "evaluation_treatment": null, "update_time": "2025-06-21T19:59:38.731708Z"}, {"id": "92f9b1d7-33b6-4938-8518-adece4d7bc80", "conversation_id": "6856b6d9-2c40-800e-b379-099ee3e072f2", "user_id": "user-MX6mBTk2lghT688CcuZg1JvD", "rating": "thumbs_up", "create_time": "2025-06-22T07:02:03.943271Z", "workspace_id": null, "content": "{}", "evaluation_name": null, "evaluation_treatment": null, "update_time": "2025-06-22T07:02:04.031247Z"}, {"id": "ba4a2d9c-92a0-446c-b376-364e5a054509", "conversation_id": "6856b6d9-2c40-800e-b379-099ee3e072f2", "user_id": "user-MX6mBTk2lghT688CcuZg1JvD", "rating": "thumbs_up", "create_time": "2025-06-22T07:10:17.254897Z", "workspace_id": null, "content": "{}", "evaluation_name": null, "evaluation_treatment": null, "update_time": "2025-06-22T07:10:17.341146Z"}, {"id": "44452135-719d-4fca-840d-2ed4e8192a90", "conversation_id": "6856b6d9-2c40-800e-b379-099ee3e072f2", "user_id": "user-MX6mBTk2lghT688CcuZg1JvD", "rating": "thumbs_up", "create_time": "2025-06-22T07:38:07.077683Z", "workspace_id": null, "content": "{}", "evaluation_name": null, "evaluation_treatment": null, "update_time": "2025-06-22T07:38:07.162545Z"}, {"id": "0fd37583-b935-450a-9663-40df445cc539", "conversation_id": "6856b6d9-2c40-800e-b379-099ee3e072f2", "user_id": "user-MX6mBTk2lghT688CcuZg1JvD", "rating": "thumbs_up", "create_time": "2025-06-22T07:38:17.577282Z", "workspace_id": null, "content": "{}", "evaluation_name": null, "evaluation_treatment": null, "update_time": "2025-06-22T07:38:17.667001Z"}, {"id": "d78b6f4b-3f1d-4400-b0d3-31fa8c27c1ca", "conversation_id": "6856b6d9-2c40-800e-b379-099ee3e072f2", "user_id": "user-MX6mBTk2lghT688CcuZg1JvD", "rating": "thumbs_up", "create_time": "2025-06-22T07:38:25.130603Z", "workspace_id": null, "content": "{}", "evaluation_name": null, "evaluation_treatment": null, "update_time": "2025-06-22T07:38:25.214063Z"}, {"id": "710939cd-53a3-41d8-8427-24a2ebc23ac4", "conversation_id": "6856b6d9-2c40-800e-b379-099ee3e072f2", "user_id": "user-MX6mBTk2lghT688CcuZg1JvD", "rating": "thumbs_up", "create_time": "2025-06-22T07:38:31.517153Z", "workspace_id": null, "content": "{}", "evaluation_name": null, "evaluation_treatment": null, "update_time": "2025-06-22T07:38:31.650838Z"}, {"id": "0d7e725a-2157-4130-a1e9-0da9241e72db", "conversation_id": "6856b6d9-2c40-800e-b379-099ee3e072f2", "user_id": "user-MX6mBTk2lghT688CcuZg1JvD", "rating": "thumbs_up", "create_time": "2025-06-22T07:38:35.779597Z", "workspace_id": null, "content": "{}", "evaluation_name": null, "evaluation_treatment": null, "update_time": "2025-06-22T07:38:35.888803Z"}, {"id": "b8288388-c7dd-461f-87ef-e59a371368e5", "conversation_id": "6856b6d9-2c40-800e-b379-099ee3e072f2", "user_id": "user-MX6mBTk2lghT688CcuZg1JvD", "rating": "thumbs_up", "create_time": "2025-06-22T07:38:41.415591Z", "workspace_id": null, "content": "{}", "evaluation_name": null, "evaluation_treatment": null, "update_time": "2025-06-22T07:38:41.503830Z"}, {"id": "47ca3ec3-ef3b-4048-83c0-f1deec7e5118", "conversation_id": "6856b6d9-2c40-800e-b379-099ee3e072f2", "user_id": "user-MX6mBTk2lghT688CcuZg1JvD", "rating": "thumbs_up", "create_time": "2025-06-22T07:38:48.910195Z", "workspace_id": null, "content": "{}", "evaluation_name": null, "evaluation_treatment": null, "update_time": "2025-06-22T07:38:49.001763Z"}, {"id": "ac4480cd-91ca-4525-bc66-206eb7ed46ea", "conversation_id": "6856b6d9-2c40-800e-b379-099ee3e072f2", "user_id": "user-MX6mBTk2lghT688CcuZg1JvD", "rating": "thumbs_up", "create_time": "2025-06-22T08:09:08.601227Z", "workspace_id": null, "content": "{}", "evaluation_name": null, "evaluation_treatment": null, "update_time": "2025-06-22T08:09:08.664753Z"}, {"id": "115679a9-ff77-4fdb-b08f-07c82fdbea64", "conversation_id": "6856b6d9-2c40-800e-b379-099ee3e072f2", "user_id": "user-MX6mBTk2lghT688CcuZg1JvD", "rating": "thumbs_up", "create_time": "2025-06-22T08:11:43.565117Z", "workspace_id": null, "content": "{}", "evaluation_name": null, "evaluation_treatment": null, "update_time": "2025-06-22T08:11:43.613135Z"}, {"id": "10fb7e8b-5c5e-41f8-8a68-718502a030e0", "conversation_id": "6856b6d9-2c40-800e-b379-099ee3e072f2", "user_id": "user-MX6mBTk2lghT688CcuZg1JvD", "rating": "thumbs_up", "create_time": "2025-06-22T08:13:23.131552Z", "workspace_id": null, "content": "{}", "evaluation_name": null, "evaluation_treatment": null, "update_time": "2025-06-22T08:13:23.186603Z"}, {"id": "b000963b-5271-4789-889e-1d064ba36ce2", "conversation_id": "6856b6d9-2c40-800e-b379-099ee3e072f2", "user_id": "user-MX6mBTk2lghT688CcuZg1JvD", "rating": "thumbs_up", "create_time": "2025-06-22T08:14:57.487844Z", "workspace_id": null, "content": "{}", "evaluation_name": null, "evaluation_treatment": null, "update_time": "2025-06-22T08:14:57.540610Z"}, {"id": "d7071fd1-896a-49b9-bea9-9119eaab5c80", "conversation_id": "6856b6d9-2c40-800e-b379-099ee3e072f2", "user_id": "user-MX6mBTk2lghT688CcuZg1JvD", "rating": "thumbs_up", "create_time": "2025-06-22T08:16:37.364347Z", "workspace_id": null, "content": "{}", "evaluation_name": null, "evaluation_treatment": null, "update_time": "2025-06-22T08:16:37.429381Z"}, {"id": "21c3f570-42a2-4c98-bf7f-8cd0b9f7977d", "conversation_id": "6856b6d9-2c40-800e-b379-099ee3e072f2", "user_id": "user-MX6mBTk2lghT688CcuZg1JvD", "rating": "thumbs_up", "create_time": "2025-06-22T08:17:39.716945Z", "workspace_id": null, "content": "{}", "evaluation_name": null, "evaluation_treatment": null, "update_time": "2025-06-22T08:17:39.796650Z"}, {"id": "8c0c6e35-5ba5-458a-b896-58360a474f8a", "conversation_id": "6856b6d9-2c40-800e-b379-099ee3e072f2", "user_id": "user-MX6mBTk2lghT688CcuZg1JvD", "rating": "thumbs_up", "create_time": "2025-06-22T08:19:42.101701Z", "workspace_id": null, "content": "{}", "evaluation_name": null, "evaluation_treatment": null, "update_time": "2025-06-22T08:19:42.143603Z"}, {"id": "609dfbab-bf2c-46d7-a75a-60ed2d5b5104", "conversation_id": "6856b6d9-2c40-800e-b379-099ee3e072f2", "user_id": "user-MX6mBTk2lghT688CcuZg1JvD", "rating": "thumbs_up", "create_time": "2025-06-22T08:22:01.765496Z", "workspace_id": null, "content": "{}", "evaluation_name": null, "evaluation_treatment": null, "update_time": "2025-06-22T08:22:01.810983Z"}, {"id": "de5f36f9-4998-47ad-8d91-b1bf49d31737", "conversation_id": "6856b6d9-2c40-800e-b379-099ee3e072f2", "user_id": "user-MX6mBTk2lghT688CcuZg1JvD", "rating": "thumbs_up", "create_time": "2025-06-22T08:33:43.014498Z", "workspace_id": null, "content": "{}", "evaluation_name": null, "evaluation_treatment": null, "update_time": "2025-06-22T08:33:43.064186Z"}, {"id": "253100f7-f264-42ee-9b7d-3ef5b9b22711", "conversation_id": "6856b6d9-2c40-800e-b379-099ee3e072f2", "user_id": "user-MX6mBTk2lghT688CcuZg1JvD", "rating": "thumbs_up", "create_time": "2025-06-22T08:35:52.626629Z", "workspace_id": null, "content": "{}", "evaluation_name": null, "evaluation_treatment": null, "update_time": "2025-06-22T08:35:52.674177Z"}, {"id": "824a0e88-6387-4517-8c59-934567eaa917", "conversation_id": "6856b6d9-2c40-800e-b379-099ee3e072f2", "user_id": "user-MX6mBTk2lghT688CcuZg1JvD", "rating": "thumbs_up", "create_time": "2025-06-22T08:42:31.749032Z", "workspace_id": null, "content": "{}", "evaluation_name": null, "evaluation_treatment": null, "update_time": "2025-06-22T08:42:31.801329Z"}, {"id": "6c5c2952-53dd-4cb6-904e-7c30e4c06744", "conversation_id": "6856b6d9-2c40-800e-b379-099ee3e072f2", "user_id": "user-MX6mBTk2lghT688CcuZg1JvD", "rating": "thumbs_up", "create_time": "2025-06-22T08:46:36.675298Z", "workspace_id": null, "content": "{}", "evaluation_name": null, "evaluation_treatment": null, "update_time": "2025-06-22T08:46:36.725140Z"}, {"id": "e4199bc9-04b5-4bb0-ad77-06de674c8418", "conversation_id": "6856b6d9-2c40-800e-b379-099ee3e072f2", "user_id": "user-MX6mBTk2lghT688CcuZg1JvD", "rating": "thumbs_up", "create_time": "2025-06-22T08:50:12.770442Z", "workspace_id": null, "content": "{}", "evaluation_name": null, "evaluation_treatment": null, "update_time": "2025-06-22T08:50:12.821488Z"}, {"id": "8da5e9c0-997d-445c-88ef-b0d3b798787e", "conversation_id": "6856b6d9-2c40-800e-b379-099ee3e072f2", "user_id": "user-MX6mBTk2lghT688CcuZg1JvD", "rating": "thumbs_up", "create_time": "2025-06-22T08:52:59.093738Z", "workspace_id": null, "content": "{}", "evaluation_name": null, "evaluation_treatment": null, "update_time": "2025-06-22T08:52:59.140488Z"}, {"id": "577b84ae-5199-4749-a39b-1fddbdf1a2d9", "conversation_id": "6856b6d9-2c40-800e-b379-099ee3e072f2", "user_id": "user-MX6mBTk2lghT688CcuZg1JvD", "rating": "thumbs_up", "create_time": "2025-06-22T09:01:02.507501Z", "workspace_id": null, "content": "{}", "evaluation_name": null, "evaluation_treatment": null, "update_time": "2025-06-22T09:01:02.557068Z"}, {"id": "56ef122b-0bfe-49eb-8100-e74fc441a395", "conversation_id": "6857ee2f-10f4-800e-b774-f2c93f98e567", "user_id": "user-MX6mBTk2lghT688CcuZg1JvD", "rating": "thumbs_up", "create_time": "2025-06-22T14:53:29.979788Z", "workspace_id": null, "content": "{}", "evaluation_name": null, "evaluation_treatment": null, "update_time": "2025-06-22T14:53:30.030671Z"}, {"id": "3faa5718-584c-424c-8169-73fd46b9c5c0", "conversation_id": "6856b595-a498-800e-9229-6ef450bdaae8", "user_id": "user-MX6mBTk2lghT688CcuZg1JvD", "rating": "thumbs_up", "create_time": "2025-06-23T00:42:05.588055Z", "workspace_id": null, "content": "{}", "evaluation_name": null, "evaluation_treatment": null, "update_time": "2025-06-23T00:42:05.637625Z"}, {"id": "0ff0e851-c525-4f9f-8f45-e41d467fd12b", "conversation_id": "6856b595-a498-800e-9229-6ef450bdaae8", "user_id": "user-MX6mBTk2lghT688CcuZg1JvD", "rating": "thumbs_up", "create_time": "2025-06-23T01:38:18.501033Z", "workspace_id": null, "content": "{}", "evaluation_name": null, "evaluation_treatment": null, "update_time": "2025-06-23T01:38:18.605180Z"}, {"id": "9ce5dc6c-08a5-49ff-add6-3a32a9f8ba5b", "conversation_id": "6856b595-a498-800e-9229-6ef450bdaae8", "user_id": "user-MX6mBTk2lghT688CcuZg1JvD", "rating": "thumbs_up", "create_time": "2025-06-23T01:50:05.924517Z", "workspace_id": null, "content": "{}", "evaluation_name": null, "evaluation_treatment": null, "update_time": "2025-06-23T01:50:06.010681Z"}, {"id": "0723bbbb-7d14-4fd8-a050-162b836f6e86", "conversation_id": "6856b595-a498-800e-9229-6ef450bdaae8", "user_id": "user-MX6mBTk2lghT688CcuZg1JvD", "rating": "thumbs_down", "create_time": "2025-06-23T02:47:35.873422Z", "workspace_id": null, "content": "{\"text\": \"Didn't examine the file uploaded.\", \"tag_choices\": [\"Code was incorrect\", \"Shouldn't have used Memory\", \"Don\\u2019t like the personality\", \"Don't like the style\", \"Not factually correct\", \"Didn't fully follow instructions\", \"Refused when it shouldn't have\", \"Being lazy\", \"Unsafe or problematic\", \"Biased\", \"Other\"]}", "evaluation_name": null, "evaluation_treatment": null, "update_time": "2025-06-23T02:48:01.400721Z"}, {"id": "0624e6f6-1697-4f77-863f-dcc88303972b", "conversation_id": "6856b595-a498-800e-9229-6ef450bdaae8", "user_id": "user-MX6mBTk2lghT688CcuZg1JvD", "rating": "thumbs_down", "create_time": "2025-06-23T02:50:19.884055Z", "workspace_id": null, "content": "{}", "evaluation_name": null, "evaluation_treatment": null, "update_time": "2025-06-23T02:50:19.893842Z"}, {"id": "991086cc-144f-4029-b682-d381bbb928c6", "conversation_id": "6856b595-a498-800e-9229-6ef450bdaae8", "user_id": "user-MX6mBTk2lghT688CcuZg1JvD", "rating": "thumbs_down", "create_time": "2025-06-23T05:01:21.151184Z", "workspace_id": null, "content": "{}", "evaluation_name": null, "evaluation_treatment": null, "update_time": "2025-06-23T05:01:21.163450Z"}, {"id": "5f55920d-5cf0-4215-af00-e002e04b28c6", "conversation_id": "685952be-5668-800e-b3bc-6a2d1ea6e51f", "user_id": "user-MX6mBTk2lghT688CcuZg1JvD", "rating": "thumbs_up", "create_time": "2025-06-23T13:13:58.668207Z", "workspace_id": null, "content": "{}", "evaluation_name": null, "evaluation_treatment": null, "update_time": "2025-06-23T13:13:58.718110Z"}, {"id": "3f9b7f37-efaf-465a-964c-bbe19fbf3f84", "conversation_id": "68595810-9a90-800e-a6e1-27c8d317c319", "user_id": "user-MX6mBTk2lghT688CcuZg1JvD", "rating": "thumbs_up", "create_time": "2025-06-23T13:37:12.254768Z", "workspace_id": null, "content": "{}", "evaluation_name": null, "evaluation_treatment": null, "update_time": "2025-06-23T13:37:12.322909Z"}, {"id": "9b866249-db1b-4207-88a4-72b0bb992f48", "conversation_id": "6859e89e-6154-800e-bf09-05a5c21a148a", "user_id": "user-MX6mBTk2lghT688CcuZg1JvD", "rating": "thumbs_up", "create_time": "2025-06-23T23:52:42.950925Z", "workspace_id": null, "content": "{}", "evaluation_name": "4o_business_low_syco_paid", "evaluation_treatment": "ca", "update_time": "2025-06-23T23:52:42.966688Z"}, {"id": "ddb97376-bff9-4c4a-9472-e1df406e6343", "conversation_id": "6859e89e-6154-800e-bf09-05a5c21a148a", "user_id": "user-MX6mBTk2lghT688CcuZg1JvD", "rating": "thumbs_up", "create_time": "2025-06-23T23:54:41.089914Z", "workspace_id": null, "content": "{}", "evaluation_name": "4o_business_low_syco_paid", "evaluation_treatment": "ca", "update_time": "2025-06-23T23:54:41.107741Z"}, {"id": "cb3302e8-9409-41af-b574-ff7c366b0c95", "conversation_id": "6859e89e-6154-800e-bf09-05a5c21a148a", "user_id": "user-MX6mBTk2lghT688CcuZg1JvD", "rating": "thumbs_up", "create_time": "2025-06-23T23:56:13.082408Z", "workspace_id": null, "content": "{}", "evaluation_name": "4o_business_low_syco_paid", "evaluation_treatment": "ca", "update_time": "2025-06-23T23:56:13.094456Z"}, {"id": "b5d7129e-dc65-4eaf-b60f-b440daa0527a", "conversation_id": "6859e89e-6154-800e-bf09-05a5c21a148a", "user_id": "user-MX6mBTk2lghT688CcuZg1JvD", "rating": "thumbs_up", "create_time": "2025-06-23T23:58:13.330724Z", "workspace_id": null, "content": "{}", "evaluation_name": "4o_business_low_syco_paid", "evaluation_treatment": "ca", "update_time": "2025-06-23T23:58:13.344297Z"}, {"id": "89f6c89e-ee0b-44f9-b2d7-d0cd641ac19b", "conversation_id": "6859e89e-6154-800e-bf09-05a5c21a148a", "user_id": "user-MX6mBTk2lghT688CcuZg1JvD", "rating": "thumbs_up", "create_time": "2025-06-23T23:59:37.115918Z", "workspace_id": null, "content": "{}", "evaluation_name": "4o_business_low_syco_paid", "evaluation_treatment": "ca", "update_time": "2025-06-23T23:59:37.129890Z"}, {"id": "e99a44d8-ece0-4641-bd9d-55fbef7ed41d", "conversation_id": "6859e89e-6154-800e-bf09-05a5c21a148a", "user_id": "user-MX6mBTk2lghT688CcuZg1JvD", "rating": "thumbs_up", "create_time": "2025-06-24T00:01:21.801060Z", "workspace_id": null, "content": "{}", "evaluation_name": "4o_business_low_syco_paid", "evaluation_treatment": "ca", "update_time": "2025-06-24T00:01:21.815164Z"}, {"id": "5410a8ec-dd4c-4063-aacb-fa8182a8ca2e", "conversation_id": "6859e89e-6154-800e-bf09-05a5c21a148a", "user_id": "user-MX6mBTk2lghT688CcuZg1JvD", "rating": "thumbs_down", "create_time": "2025-06-24T00:38:00.648441Z", "workspace_id": null, "content": "{\"text\": \"Didn't send the ZIP files (again).\", \"tag_choices\": [\"Shouldn't have used Memory\", \"Don\\u2019t like the personality\", \"Don't like the style\", \"Not factually correct\", \"Didn't fully follow instructions\", \"Refused when it shouldn't have\", \"Being lazy\", \"Unsafe or problematic\", \"Biased\", \"Other\"]}", "evaluation_name": "4o_business_low_syco_paid", "evaluation_treatment": "ca", "update_time": "2025-06-24T00:38:35.311519Z"}, {"id": "69909a94-c5cb-464c-a7bb-96f4f19db7f9", "conversation_id": "6859f406-2108-800e-829e-2d01dbe05328", "user_id": "user-MX6mBTk2lghT688CcuZg1JvD", "rating": "thumbs_up", "create_time": "2025-06-24T00:43:09.468407Z", "workspace_id": null, "content": "{}", "evaluation_name": "4o_business_low_syco_paid", "evaluation_treatment": "ca", "update_time": "2025-06-24T00:43:09.481810Z"}, {"id": "d9106d26-5716-4a20-99ef-fa169e8707da", "conversation_id": "683e4349-45f8-800e-a797-636da7f67477", "user_id": "user-MX6mBTk2lghT688CcuZg1JvD", "rating": "thumbs_up", "create_time": "2025-06-24T06:32:12.388337Z", "workspace_id": null, "content": "{}", "evaluation_name": "4o_business_low_syco_paid", "evaluation_treatment": "ca", "update_time": "2025-06-24T06:32:12.405744Z"}, {"id": "85ed222a-38e6-47e3-9943-5e7e7b055557", "conversation_id": "683e4349-45f8-800e-a797-636da7f67477", "user_id": "user-MX6mBTk2lghT688CcuZg1JvD", "rating": "thumbs_up", "create_time": "2025-06-24T06:35:02.249487Z", "workspace_id": null, "content": "{}", "evaluation_name": "4o_business_low_syco_paid", "evaluation_treatment": "ca", "update_time": "2025-06-24T06:35:02.264310Z"}, {"id": "4b2050d4-5b60-4409-b472-494f4d0e6c38", "conversation_id": "685a6a20-9ed4-800e-bc29-23b3b7fe614b", "user_id": "user-MX6mBTk2lghT688CcuZg1JvD", "rating": "thumbs_up", "create_time": "2025-06-24T09:52:46.834450Z", "workspace_id": null, "content": "{}", "evaluation_name": "4o_business_low_syco_paid", "evaluation_treatment": "ca", "update_time": "2025-06-24T09:52:46.883721Z"}, {"id": "5b9f40cf-8cda-4fad-8f95-159468182e4a", "conversation_id": "685a6a20-9ed4-800e-bc29-23b3b7fe614b", "user_id": "user-MX6mBTk2lghT688CcuZg1JvD", "rating": "thumbs_up", "create_time": "2025-06-24T10:01:40.076332Z", "workspace_id": null, "content": "{}", "evaluation_name": "4o_business_low_syco_paid", "evaluation_treatment": "ca", "update_time": "2025-06-24T10:01:40.125585Z"}, {"id": "026640f7-ee3a-43ab-bc5b-0a294779204c", "conversation_id": "685a6a20-9ed4-800e-bc29-23b3b7fe614b", "user_id": "user-MX6mBTk2lghT688CcuZg1JvD", "rating": "thumbs_up", "create_time": "2025-06-24T10:02:36.860158Z", "workspace_id": null, "content": "{}", "evaluation_name": "4o_business_low_syco_paid", "evaluation_treatment": "ca", "update_time": "2025-06-24T10:02:36.908179Z"}, {"id": "5c963c03-0f0c-4869-b89f-4a23f80253fe", "conversation_id": "685a6a20-9ed4-800e-bc29-23b3b7fe614b", "user_id": "user-MX6mBTk2lghT688CcuZg1JvD", "rating": "thumbs_up", "create_time": "2025-06-24T10:03:44.201055Z", "workspace_id": null, "content": "{}", "evaluation_name": "4o_business_low_syco_paid", "evaluation_treatment": "ca", "update_time": "2025-06-24T10:03:44.249872Z"}, {"id": "c21f986a-242b-47d9-8a35-d29543b52a51", "conversation_id": "685a6a20-9ed4-800e-bc29-23b3b7fe614b", "user_id": "user-MX6mBTk2lghT688CcuZg1JvD", "rating": "thumbs_up", "create_time": "2025-06-24T10:08:48.233795Z", "workspace_id": null, "content": "{}", "evaluation_name": "4o_business_low_syco_paid", "evaluation_treatment": "ca", "update_time": "2025-06-24T10:08:48.281746Z"}, {"id": "7c5cf819-81e1-408d-b511-5806b3003d36", "conversation_id": "685a6a20-9ed4-800e-bc29-23b3b7fe614b", "user_id": "user-MX6mBTk2lghT688CcuZg1JvD", "rating": "thumbs_up", "create_time": "2025-06-24T10:23:56.348968Z", "workspace_id": null, "content": "{}", "evaluation_name": "4o_business_low_syco_paid", "evaluation_treatment": "ca", "update_time": "2025-06-24T10:23:56.398013Z"}, {"id": "ee690ed6-bbe4-4050-a41c-0316af7f7d1e", "conversation_id": "685a6a20-9ed4-800e-bc29-23b3b7fe614b", "user_id": "user-MX6mBTk2lghT688CcuZg1JvD", "rating": "thumbs_up", "create_time": "2025-06-24T10:37:37.351342Z", "workspace_id": null, "content": "{}", "evaluation_name": "4o_business_low_syco_paid", "evaluation_treatment": "ca", "update_time": "2025-06-24T10:37:37.399517Z"}, {"id": "7a316908-f89d-422f-a9ea-e6e2b97a31ee", "conversation_id": "685a6a20-9ed4-800e-bc29-23b3b7fe614b", "user_id": "user-MX6mBTk2lghT688CcuZg1JvD", "rating": "thumbs_up", "create_time": "2025-06-24T10:38:09.416813Z", "workspace_id": null, "content": "{}", "evaluation_name": "4o_business_low_syco_paid", "evaluation_treatment": "ca", "update_time": "2025-06-24T10:38:09.468827Z"}, {"id": "e85398a0-47dc-4d96-8f5e-31f7504eda00", "conversation_id": "685a6a20-9ed4-800e-bc29-23b3b7fe614b", "user_id": "user-MX6mBTk2lghT688CcuZg1JvD", "rating": "thumbs_up", "create_time": "2025-06-24T10:39:57.482828Z", "workspace_id": null, "content": "{}", "evaluation_name": "4o_business_low_syco_paid", "evaluation_treatment": "ca", "update_time": "2025-06-24T10:39:57.533687Z"}, {"id": "66f9f9ef-c694-4da9-8aea-f015713d6cba", "conversation_id": "685a6a20-9ed4-800e-bc29-23b3b7fe614b", "user_id": "user-MX6mBTk2lghT688CcuZg1JvD", "rating": "thumbs_up", "create_time": "2025-06-24T10:43:08.975901Z", "workspace_id": null, "content": "{}", "evaluation_name": "4o_business_low_syco_paid", "evaluation_treatment": "ca", "update_time": "2025-06-24T10:43:09.027733Z"}, {"id": "ee5d0d66-d4a3-4112-8291-5fc4f4ba29fd", "conversation_id": "685a6a20-9ed4-800e-bc29-23b3b7fe614b", "user_id": "user-MX6mBTk2lghT688CcuZg1JvD", "rating": "thumbs_up", "create_time": "2025-06-24T10:45:44.927646Z", "workspace_id": null, "content": "{}", "evaluation_name": "4o_business_low_syco_paid", "evaluation_treatment": "ca", "update_time": "2025-06-24T10:45:44.977445Z"}, {"id": "274c62b1-b73e-43dc-a7b7-5707aee5088b", "conversation_id": "685a6a20-9ed4-800e-bc29-23b3b7fe614b", "user_id": "user-MX6mBTk2lghT688CcuZg1JvD", "rating": "thumbs_up", "create_time": "2025-06-24T10:47:38.696067Z", "workspace_id": null, "content": "{}", "evaluation_name": "4o_business_low_syco_paid", "evaluation_treatment": "ca", "update_time": "2025-06-24T10:47:38.751276Z"}, {"id": "13cd43ac-0f2e-4d74-92ff-2f6c5056a2c5", "conversation_id": "685a6a20-9ed4-800e-bc29-23b3b7fe614b", "user_id": "user-MX6mBTk2lghT688CcuZg1JvD", "rating": "thumbs_up", "create_time": "2025-06-24T10:48:10.818878Z", "workspace_id": null, "content": "{}", "evaluation_name": "4o_business_low_syco_paid", "evaluation_treatment": "ca", "update_time": "2025-06-24T10:48:10.860146Z"}, {"id": "3161d780-0150-490a-b0f3-c50a016ce27e", "conversation_id": "685a6a20-9ed4-800e-bc29-23b3b7fe614b", "user_id": "user-MX6mBTk2lghT688CcuZg1JvD", "rating": "thumbs_up", "create_time": "2025-06-24T10:51:07.088349Z", "workspace_id": null, "content": "{}", "evaluation_name": "4o_business_low_syco_paid", "evaluation_treatment": "ca", "update_time": "2025-06-24T10:51:07.133261Z"}, {"id": "75d37873-ed38-4f58-aa6c-f6e4c38e8580", "conversation_id": "685a6a20-9ed4-800e-bc29-23b3b7fe614b", "user_id": "user-MX6mBTk2lghT688CcuZg1JvD", "rating": "thumbs_up", "create_time": "2025-06-24T10:53:00.680533Z", "workspace_id": null, "content": "{}", "evaluation_name": "4o_business_low_syco_paid", "evaluation_treatment": "ca", "update_time": "2025-06-24T10:53:00.723449Z"}, {"id": "7b65e046-7282-4c2b-b859-d3424a6431ab", "conversation_id": "685ad2dc-17a4-800e-a625-8a239f2b57df", "user_id": "user-MX6mBTk2lghT688CcuZg1JvD", "rating": "thumbs_up", "create_time": "2025-06-24T16:44:15.745068Z", "workspace_id": null, "content": "{}", "evaluation_name": null, "evaluation_treatment": null, "update_time": "2025-06-24T16:44:15.796406Z"}, {"id": "8cb7228f-3736-4ebf-aa4e-3d4864f5d35c", "conversation_id": "6856b595-a498-800e-9229-6ef450bdaae8", "user_id": "user-MX6mBTk2lghT688CcuZg1JvD", "rating": "thumbs_up", "create_time": "2025-06-24T17:05:05.867391Z", "workspace_id": null, "content": "{}", "evaluation_name": null, "evaluation_treatment": null, "update_time": "2025-06-24T17:05:05.923606Z"}, {"id": "9dc23599-8164-4a81-83c3-cdbb9f53dec7", "conversation_id": "6856b595-a498-800e-9229-6ef450bdaae8", "user_id": "user-MX6mBTk2lghT688CcuZg1JvD", "rating": "thumbs_up", "create_time": "2025-06-24T17:07:25.984801Z", "workspace_id": null, "content": "{}", "evaluation_name": null, "evaluation_treatment": null, "update_time": "2025-06-24T17:07:26.028535Z"}, {"id": "6627d93d-2713-478e-8d0f-56ea6af91596", "conversation_id": "6856b595-a498-800e-9229-6ef450bdaae8", "user_id": "user-MX6mBTk2lghT688CcuZg1JvD", "rating": "thumbs_up", "create_time": "2025-06-24T18:07:00.412753Z", "workspace_id": null, "content": "{}", "evaluation_name": null, "evaluation_treatment": null, "update_time": "2025-06-24T18:07:00.568131Z"}, {"id": "a49fc0ec-5ae4-4a58-92db-e8cffde39b8a", "conversation_id": "685ad2dc-17a4-800e-a625-8a239f2b57df", "user_id": "user-MX6mBTk2lghT688CcuZg1JvD", "rating": "thumbs_up", "create_time": "2025-06-24T18:31:15.783538Z", "workspace_id": null, "content": "{}", "evaluation_name": null, "evaluation_treatment": null, "update_time": "2025-06-24T18:31:15.871718Z"}, {"id": "d254d670-8521-4b84-96fe-68a600fd5562", "conversation_id": "685ad2dc-17a4-800e-a625-8a239f2b57df", "user_id": "user-MX6mBTk2lghT688CcuZg1JvD", "rating": "thumbs_up", "create_time": "2025-06-24T18:32:44.127747Z", "workspace_id": null, "content": "{}", "evaluation_name": null, "evaluation_treatment": null, "update_time": "2025-06-24T18:32:44.221106Z"}, {"id": "3e1b1528-5331-4ed4-b9b5-56a35bcfc3f6", "conversation_id": "685ad2dc-17a4-800e-a625-8a239f2b57df", "user_id": "user-MX6mBTk2lghT688CcuZg1JvD", "rating": "thumbs_up", "create_time": "2025-06-24T18:43:06.071003Z", "workspace_id": null, "content": "{}", "evaluation_name": null, "evaluation_treatment": null, "update_time": "2025-06-24T18:43:06.152906Z"}, {"id": "0be1c0d9-763a-48d6-a0e6-f9cbf4b6384f", "conversation_id": "6856b595-a498-800e-9229-6ef450bdaae8", "user_id": "user-MX6mBTk2lghT688CcuZg1JvD", "rating": "thumbs_up", "create_time": "2025-06-24T19:45:19.115383Z", "workspace_id": null, "content": "{}", "evaluation_name": null, "evaluation_treatment": null, "update_time": "2025-06-24T19:45:19.160603Z"}, {"id": "3790dc7a-e084-4217-a5fa-eee5926f4f7f", "conversation_id": "685ad2dc-17a4-800e-a625-8a239f2b57df", "user_id": "user-MX6mBTk2lghT688CcuZg1JvD", "rating": "thumbs_up", "create_time": "2025-06-24T20:00:26.660129Z", "workspace_id": null, "content": "{}", "evaluation_name": null, "evaluation_treatment": null, "update_time": "2025-06-24T20:00:26.698307Z"}, {"id": "430d4654-7703-4053-8d8e-eb24d91fa504", "conversation_id": "685ad2dc-17a4-800e-a625-8a239f2b57df", "user_id": "user-MX6mBTk2lghT688CcuZg1JvD", "rating": "thumbs_up", "create_time": "2025-06-24T20:24:20.847700Z", "workspace_id": null, "content": "{}", "evaluation_name": null, "evaluation_treatment": null, "update_time": "2025-06-24T20:24:20.897557Z"}, {"id": "986fd6a1-19da-448f-a050-04f202312c6c", "conversation_id": "6856b595-a498-800e-9229-6ef450bdaae8", "user_id": "user-MX6mBTk2lghT688CcuZg1JvD", "rating": "thumbs_up", "create_time": "2025-06-24T20:25:18.583923Z", "workspace_id": null, "content": "{}", "evaluation_name": null, "evaluation_treatment": null, "update_time": "2025-06-24T20:25:18.631675Z"}, {"id": "753d5a90-21d1-4237-8632-3b8b15525b6e", "conversation_id": "685a6a20-9ed4-800e-bc29-23b3b7fe614b", "user_id": "user-MX6mBTk2lghT688CcuZg1JvD", "rating": "thumbs_up", "create_time": "2025-06-24T22:16:02.421289Z", "workspace_id": null, "content": "{}", "evaluation_name": "4o_business_low_syco_paid", "evaluation_treatment": "ca", "update_time": "2025-06-24T22:16:02.436058Z"}, {"id": "586d52cd-14a0-47a9-84dd-94018a7e1ad3", "conversation_id": "685a6a20-9ed4-800e-bc29-23b3b7fe614b", "user_id": "user-MX6mBTk2lghT688CcuZg1JvD", "rating": "thumbs_up", "create_time": "2025-06-24T23:03:43.905032Z", "workspace_id": null, "content": "{}", "evaluation_name": "4o_business_low_syco_paid", "evaluation_treatment": "ca", "update_time": "2025-06-24T23:03:43.944799Z"}, {"id": "76de1dcc-5e0a-4d27-89a5-32e48aa5252d", "conversation_id": "685a6a20-9ed4-800e-bc29-23b3b7fe614b", "user_id": "user-MX6mBTk2lghT688CcuZg1JvD", "rating": "thumbs_up", "create_time": "2025-06-24T23:13:00.932521Z", "workspace_id": null, "content": "{}", "evaluation_name": "4o_business_low_syco_paid", "evaluation_treatment": "ca", "update_time": "2025-06-24T23:13:00.972649Z"}, {"id": "5f0e796b-5c64-4f3c-ab13-e1e466c0b4a3", "conversation_id": "685a6a20-9ed4-800e-bc29-23b3b7fe614b", "user_id": "user-MX6mBTk2lghT688CcuZg1JvD", "rating": "thumbs_up", "create_time": "2025-06-24T23:21:18.327682Z", "workspace_id": null, "content": "{}", "evaluation_name": "4o_business_low_syco_paid", "evaluation_treatment": "ca", "update_time": "2025-06-24T23:21:18.367788Z"}, {"id": "38474d05-d232-4b00-a95f-ac094a516044", "conversation_id": "685a6a20-9ed4-800e-bc29-23b3b7fe614b", "user_id": "user-MX6mBTk2lghT688CcuZg1JvD", "rating": "thumbs_up", "create_time": "2025-06-24T23:24:19.728289Z", "workspace_id": null, "content": "{}", "evaluation_name": "4o_business_low_syco_paid", "evaluation_treatment": "ca", "update_time": "2025-06-24T23:24:19.766826Z"}, {"id": "3a8c9a60-e215-4657-b7bb-6c340969527f", "conversation_id": "685a6a20-9ed4-800e-bc29-23b3b7fe614b", "user_id": "user-MX6mBTk2lghT688CcuZg1JvD", "rating": "thumbs_up", "create_time": "2025-06-24T23:27:54.035392Z", "workspace_id": null, "content": "{}", "evaluation_name": "4o_business_low_syco_paid", "evaluation_treatment": "ca", "update_time": "2025-06-24T23:27:54.129770Z"}, {"id": "77b4a542-81fd-4584-9f5b-fd22adf836d7", "conversation_id": "685a6a20-9ed4-800e-bc29-23b3b7fe614b", "user_id": "user-MX6mBTk2lghT688CcuZg1JvD", "rating": "thumbs_up", "create_time": "2025-06-25T00:08:02.944888Z", "workspace_id": null, "content": "{}", "evaluation_name": "4o_business_low_syco_paid", "evaluation_treatment": "ca", "update_time": "2025-06-25T00:08:02.988148Z"}, {"id": "69e980fb-5010-4f61-8f39-b746a86519f9", "conversation_id": "685a6a20-9ed4-800e-bc29-23b3b7fe614b", "user_id": "user-MX6mBTk2lghT688CcuZg1JvD", "rating": "thumbs_up", "create_time": "2025-06-25T00:31:51.857621Z", "workspace_id": null, "content": "{}", "evaluation_name": "4o_business_low_syco_paid", "evaluation_treatment": "ca", "update_time": "2025-06-25T00:31:51.906646Z"}, {"id": "6cdf74ac-e6bc-4a8e-b0e7-076888ea1c75", "conversation_id": "685a6a20-9ed4-800e-bc29-23b3b7fe614b", "user_id": "user-MX6mBTk2lghT688CcuZg1JvD", "rating": "thumbs_up", "create_time": "2025-06-25T01:07:43.298435Z", "workspace_id": null, "content": "{}", "evaluation_name": "4o_business_low_syco_paid", "evaluation_treatment": "ca", "update_time": "2025-06-25T01:07:43.360759Z"}, {"id": "0f065558-6594-4819-b4f1-712c968e80d6", "conversation_id": "685a6a20-9ed4-800e-bc29-23b3b7fe614b", "user_id": "user-MX6mBTk2lghT688CcuZg1JvD", "rating": "thumbs_up", "create_time": "2025-06-25T01:09:42.664005Z", "workspace_id": null, "content": "{}", "evaluation_name": "4o_business_low_syco_paid", "evaluation_treatment": "ca", "update_time": "2025-06-25T01:09:42.708239Z"}, {"id": "ee1303d5-a639-4b69-83d8-37cfa2eaa769", "conversation_id": "685ad2dc-17a4-800e-a625-8a239f2b57df", "user_id": "user-MX6mBTk2lghT688CcuZg1JvD", "rating": "thumbs_up", "create_time": "2025-06-25T05:48:22.790590Z", "workspace_id": null, "content": "{}", "evaluation_name": null, "evaluation_treatment": null, "update_time": "2025-06-25T05:48:22.845074Z"}, {"id": "047ac320-0211-47dd-8480-2652ad520e44", "conversation_id": "685ad2dc-17a4-800e-a625-8a239f2b57df", "user_id": "user-MX6mBTk2lghT688CcuZg1JvD", "rating": "thumbs_up", "create_time": "2025-06-25T06:09:17.403289Z", "workspace_id": null, "content": "{}", "evaluation_name": null, "evaluation_treatment": null, "update_time": "2025-06-25T06:09:17.446959Z"}, {"id": "564648dc-0746-4908-b8eb-7297fb6965dd", "conversation_id": "685ad2dc-17a4-800e-a625-8a239f2b57df", "user_id": "user-MX6mBTk2lghT688CcuZg1JvD", "rating": "thumbs_up", "create_time": "2025-06-25T06:10:46.450794Z", "workspace_id": null, "content": "{}", "evaluation_name": null, "evaluation_treatment": null, "update_time": "2025-06-25T06:10:46.492652Z"}, {"id": "ba0e76e6-4c1d-4e8f-8a5c-ce110bcfa026", "conversation_id": "685ad2dc-17a4-800e-a625-8a239f2b57df", "user_id": "user-MX6mBTk2lghT688CcuZg1JvD", "rating": "thumbs_up", "create_time": "2025-06-25T06:25:40.991672Z", "workspace_id": null, "content": "{}", "evaluation_name": null, "evaluation_treatment": null, "update_time": "2025-06-25T06:25:41.033837Z"}, {"id": "e5307e84-5da7-441f-bc0f-b9aae6b0964c", "conversation_id": "685ad2dc-17a4-800e-a625-8a239f2b57df", "user_id": "user-MX6mBTk2lghT688CcuZg1JvD", "rating": "thumbs_up", "create_time": "2025-06-25T06:42:00.207330Z", "workspace_id": null, "content": "{}", "evaluation_name": null, "evaluation_treatment": null, "update_time": "2025-06-25T06:42:00.246325Z"}, {"id": "46a291e5-716c-40c9-8edd-7ce5cb3df97d", "conversation_id": "685ad2dc-17a4-800e-a625-8a239f2b57df", "user_id": "user-MX6mBTk2lghT688CcuZg1JvD", "rating": "thumbs_up", "create_time": "2025-06-25T06:44:09.095560Z", "workspace_id": null, "content": "{}", "evaluation_name": null, "evaluation_treatment": null, "update_time": "2025-06-25T06:44:09.232429Z"}, {"id": "54e9cc0f-7b49-4604-8b8e-1195def36307", "conversation_id": "685ad2dc-17a4-800e-a625-8a239f2b57df", "user_id": "user-MX6mBTk2lghT688CcuZg1JvD", "rating": "thumbs_up", "create_time": "2025-06-25T06:45:07.061943Z", "workspace_id": null, "content": "{}", "evaluation_name": null, "evaluation_treatment": null, "update_time": "2025-06-25T06:45:07.156496Z"}, {"id": "a5cf01fe-861a-471d-b229-beb656dc41bc", "conversation_id": "685ad2dc-17a4-800e-a625-8a239f2b57df", "user_id": "user-MX6mBTk2lghT688CcuZg1JvD", "rating": "thumbs_up", "create_time": "2025-06-25T06:55:53.482508Z", "workspace_id": null, "content": "{}", "evaluation_name": null, "evaluation_treatment": null, "update_time": "2025-06-25T06:55:53.582442Z"}, {"id": "0025b533-36d7-4168-9c98-f4d8b9fdd6cb", "conversation_id": "685ad2dc-17a4-800e-a625-8a239f2b57df", "user_id": "user-MX6mBTk2lghT688CcuZg1JvD", "rating": "thumbs_up", "create_time": "2025-06-25T07:19:35.777643Z", "workspace_id": null, "content": "{}", "evaluation_name": null, "evaluation_treatment": null, "update_time": "2025-06-25T07:19:35.862204Z"}, {"id": "14d8fd1c-f641-42be-844d-ddbaf8827aba", "conversation_id": "685ad2dc-17a4-800e-a625-8a239f2b57df", "user_id": "user-MX6mBTk2lghT688CcuZg1JvD", "rating": "thumbs_up", "create_time": "2025-06-25T07:23:05.906562Z", "workspace_id": null, "content": "{}", "evaluation_name": null, "evaluation_treatment": null, "update_time": "2025-06-25T07:23:05.993570Z"}, {"id": "f6f60237-77f6-44d0-93c5-e645e54ebfd4", "conversation_id": "685ad2dc-17a4-800e-a625-8a239f2b57df", "user_id": "user-MX6mBTk2lghT688CcuZg1JvD", "rating": "thumbs_up", "create_time": "2025-06-25T07:29:34.024072Z", "workspace_id": null, "content": "{}", "evaluation_name": null, "evaluation_treatment": null, "update_time": "2025-06-25T07:29:34.112893Z"}, {"id": "3a5e2484-36cd-463a-8c5d-ac3120cc3ff6", "conversation_id": "685ad2dc-17a4-800e-a625-8a239f2b57df", "user_id": "user-MX6mBTk2lghT688CcuZg1JvD", "rating": "thumbs_up", "create_time": "2025-06-25T07:31:27.176979Z", "workspace_id": null, "content": "{}", "evaluation_name": null, "evaluation_treatment": null, "update_time": "2025-06-25T07:31:27.275870Z"}, {"id": "4f2cd12c-42a2-4e34-86de-222047a4c6d3", "conversation_id": "685bbd76-bae8-800e-8268-e0719eb7f173", "user_id": "user-MX6mBTk2lghT688CcuZg1JvD", "rating": "thumbs_up", "create_time": "2025-06-25T09:12:32.151893Z", "workspace_id": null, "content": "{}", "evaluation_name": "4o_business_low_syco_paid", "evaluation_treatment": "ca", "update_time": "2025-06-25T09:12:32.190897Z"}]